진료년도,시도,진료과목,환자수,명세서청구건수,입내원일수,요양급여비용총액,보험자부담금
2020,서울,일반의,2098,2331,2644,310032380,181213780
2020,서울,내과,2906806,14272492,18909491,4302348857360,3455182986310
2020,서울,신경과,577917,1890961,2965309,446998324040,307618353060
2020,서울,정신건강의학과,208800,1135847,1675122,170902654260,117692441810
2020,서울,외과,886239,2982928,4708576,1609374732520,1314185849700
2020,서울,정형외과,1289316,4899534,6877631,1086076210690,769202797640
2020,서울,신경외과,626892,1939467,3034290,751254113010,588542194560
2020,서울,흉부외과,120962,385800,695377,407147645340,347610669630
2020,서울,성형외과,109570,396746,531622,106531835580,65546738300
2020,서울,마취통증의학과,119619,325515,358691,34058614300,20395592280
2020,서울,산부인과,654285,2622543,3171464,640287918420,469185382530
2020,서울,소아청소년과,366726,1571168,2163609,588417379240,511638383900
2020,서울,안과,810049,2159040,2201698,361392939190,230959671240
2020,서울,이비인후과,390239,1106428,1259584,219067669610,144666121940
2020,서울,피부과,297398,995938,1003973,79471984670,45522764060
2020,서울,비뇨의학과,397301,1426737,1675022,339398663690,253643897970
2020,서울,영상의학과,60132,95461,101783,25454005510,19912218210
2020,서울,방사선종양학과,63686,718301,723644,309597628980,292456689850
2020,서울,병리과,951,1190,1190,48766790,13897130
2020,서울,진단검사의학과,4895,8338,12729,1607923670,1123854470
2020,서울,결핵과,1,2,2,58520,35220
2020,서울,재활의학과,192318,1244356,3313783,407504477740,313039917780
2020,서울,핵의학과,10158,33155,37036,7511908180,6734289280
2020,서울,가정의학과,299189,780182,1650803,136885159080,97197657410
2020,서울,응급의학과,691030,1008436,1135370,254595769020,165089303880
2020,서울,직업환경의학과,3777,7298,8047,429024970,264184630
2020,서울,예방의학과,71,170,170,8987360,2835860
2020,서울,구강악안면외과,163949,386237,409155,38523832310,24213543550
2020,서울,치과보철과,38446,77497,72157,17406384420,11786538150
2020,서울,치과교정과,5127,6041,6037,583821210,333051400
2020,서울,소아치과,38852,81453,82197,4794770580,3156244190
2020,서울,치주과,164426,291775,288764,17966791620,10367598270
2020,서울,치과보존과,228204,502451,502896,35029401650,20984121910
2020,서울,구강내과,35979,105720,105656,5918324860,3577846260
2020,서울,영상치의학과,6410,7137,7135,410432210,250577520
2020,서울,구강병리과,2,2,2,57160,34360
2020,서울,예방치과,2246,2814,2811,124979280,64167080
2020,서울,치과,19395,32679,32530,1712002830,1055091780
2020,서울,통합치의학과,7539,20046,19850,1609081380,989284780
2020,서울,한방내과,53990,276954,403225,29644797770,22253837850
2020,서울,한방부인과,7326,27707,46920,2792149540,1984901480
2020,서울,한방소아과,8326,12802,13130,330835520,213191880
2020,서울,한방안·이비인후·피부과,4279,26296,30043,1289564850,848211260
2020,서울,한방신경정신과,2317,9172,10809,454831850,300832940
2020,서울,침구과,44560,242910,341385,21440555160,15240033980
2020,서울,한방재활의학과,45724,254455,324334,21622633070,13734555430
2020,서울,사상체질과,2266,9865,15885,1282470250,958259150
2020,서울,한방응급,231,327,389,25589780,18581910
2020,부산,일반의,1451,8666,74663,7178972350,5665220540
2020,부산,내과,934877,4809506,7728263,1194515410150,940232042880
2020,부산,신경과,193069,706607,1117451,137780888260,95436907470
2020,부산,정신건강의학과,58519,396840,904407,77961198400,58076152150
2020,부산,외과,268503,971769,2410876,423919582270,329222145040
2020,부산,정형외과,561259,2584560,4369759,531452942790,377473197490
2020,부산,신경외과,188845,654898,1364777,247857986590,190517409460
2020,부산,흉부외과,26132,76444,174491,61556514140,50601752070
2020,부산,성형외과,20250,72418,108708,17583221300,11362004150
2020,부산,마취통증의학과,24151,61581,136415,10702794750,7236588820
2020,부산,산부인과,272145,1068319,1654378,224446191720,164850703560
2020,부산,소아청소년과,217785,1107449,1437658,113224569560,95046671240
2020,부산,안과,176837,528906,561167,86470051120,58033752060
2020,부산,이비인후과,118936,336146,455167,59784016330,40087919590
2020,부산,피부과,61318,175913,196148,13438095090,8494215190
2020,부산,비뇨의학과,96026,377743,499360,72918717260,52695942860
2020,부산,영상의학과,11156,19865,19704,1955082050,1364080080
2020,부산,방사선종양학과,7484,88467,101820,37610256840,35526893040
2020,부산,병리과,218,484,379,35367570,18654380
2020,부산,진단검사의학과,1142,2137,12764,1121604630,822693780
2020,부산,재활의학과,54146,429742,1500440,193016514360,149436616620
2020,부산,핵의학과,3600,11153,11937,2155551480,1920355350
2020,부산,가정의학과,110883,318817,2545768,209338947240,157638555190
2020,부산,응급의학과,224197,296664,315897,47702032850,27909419670
2020,부산,직업환경의학과,419,599,599,31250300,10199770
2020,부산,예방의학과,5,6,5,103980,70590
2020,부산,구강악안면외과,75113,158628,159548,9983904350,5869515420
2020,부산,치과보철과,10113,24447,22472,8081009810,5621233620
2020,부산,치과교정과,1842,5433,5432,229964110,130144210
2020,부산,소아치과,1312,1792,1790,63518560,41933660
2020,부산,치주과,58372,132880,132349,6110922960,3634647910
2020,부산,치과보존과,71547,190105,189612,10432735630,6190724020
2020,부산,구강내과,2455,4787,4779,278267100,121368900
2020,부산,영상치의학과,23,25,25,2441130,1469830
2020,부산,예방치과,44,46,46,2430840,1612040
2020,부산,치과,16555,32514,34148,1897811220,1186188620
2020,부산,통합치의학과,1,1,1,17020,11120
2020,부산,한방내과,30023,199103,112747,20057206800,15902737900
2020,부산,한방부인과,598,1806,1150,242917730,191906530
2020,부산,한방소아과,365,1633,1804,72310540,55742880
2020,부산,한방안·이비인후·피부과,1876,12298,20508,1349648470,970847260
2020,부산,한방신경정신과,151,1072,1357,80681010,55091750
2020,부산,침구과,9225,59078,77612,4611850610,3280661060
2020,부산,한방재활의학과,7782,41295,66065,5183106430,3392848860
2020,부산,사상체질과,645,5729,7150,337865190,241406790
2020,인천,일반의,1276,2717,3457,650387800,426019980
2020,인천,내과,560142,2617609,3720774,685785482190,541556780190
2020,인천,신경과,99305,322755,602511,82249004580,56836591700
2020,인천,정신건강의학과,47464,275819,834261,71814356280,53095919320
2020,인천,외과,134489,464647,993936,210994410810,165254091080
2020,인천,정형외과,346497,1428293,2108462,281394524930,199960287490
2020,인천,신경외과,161273,519519,966379,175670033040,134143417380
2020,인천,흉부외과,14863,39031,98676,39536987160,33238184320
2020,인천,성형외과,10958,36895,47171,7395309580,4778086160
2020,인천,마취통증의학과,23630,67130,85490,7901683650,5145517770
2020,인천,산부인과,163061,616614,780324,112966943080,84504225460
2020,인천,소아청소년과,82368,349928,462291,54378405460,43858721070
2020,인천,안과,119487,307117,313451,50607606240,33882030380
2020,인천,이비인후과,93711,273803,301698,36591163000,23449523700
2020,인천,피부과,36498,117478,122233,9698780030,5890518220
2020,인천,비뇨의학과,73646,266179,309484,51494198380,36499840800
2020,인천,영상의학과,1232,1517,1510,327681800,219545460
2020,인천,방사선종양학과,4153,65364,65358,24249477730,22979564270
2020,인천,병리과,54,58,58,1632040,720040
2020,인천,진단검사의학과,126,182,1267,119427310,87842520
2020,인천,재활의학과,28313,213613,859890,118914550000,92434996390
2020,인천,핵의학과,323,1003,1012,212662450,197316980
2020,인천,가정의학과,59957,183476,620743,60056820450,47130087000
2020,인천,응급의학과,217714,298589,341053,69892055060,44051653210
2020,인천,직업환경의학과,448,809,809,34833020,11800100
2020,인천,예방의학과,4,4,4,381920,229320
2020,인천,구강악안면외과,33471,64049,64768,4010465840,2294028310
2020,인천,치과보철과,3810,7773,7011,1965051380,1340799680
2020,인천,치과교정과,186,215,215,15240460,7503440
2020,인천,소아치과,1555,2277,2277,87708830,55735630
2020,인천,치주과,21335,30617,30574,1663789320,978590860
2020,인천,치과보존과,41675,100518,99635,6276637360,3535558880
2020,인천,구강내과,16,17,16,1319320,853420
2020,인천,영상치의학과,4,4,4,164790,98990
2020,인천,구강병리과,2,2,2,117610,70610
2020,인천,예방치과,1,1,1,16620,12020
2020,인천,치과,2130,2470,2377,127455350,80256860
2020,인천,한방내과,10533,46611,56071,7573012930,5823551870
2020,인천,한방부인과,669,2203,3966,253016380,176740610
2020,인천,한방소아과,258,757,438,159023410,128353680
2020,인천,한방안·이비인후·피부과,463,1933,4056,298316800,205645380
2020,인천,한방신경정신과,1211,4316,6838,524954640,388497340
2020,인천,침구과,20592,63941,162498,14747446560,10873909000
2020,인천,한방재활의학과,9109,48569,57231,4029506250,2643432250
2020,인천,사상체질과,20,66,33,8852270,6921450
2020,대구,일반의,12,12,19,1487850,980310
2020,대구,내과,562568,2688941,3999726,750682523910,599934547060
2020,대구,신경과,129285,460764,851052,113647247920,78754734210
2020,대구,정신건강의학과,49493,320120,728201,59404608880,43751831310
2020,대구,외과,201684,625697,1316043,295215157560,233112239000
2020,대구,정형외과,331677,1281201,1972818,284821486150,200886093350
2020,대구,신경외과,150942,478909,890114,172767228210,132281555600
2020,대구,흉부외과,15657,48409,97439,47481579240,40545259750
2020,대구,성형외과,27558,79229,113153,21350308500,13980418810
2020,대구,마취통증의학과,26518,70871,127709,9877462780,6430731350
2020,대구,산부인과,176398,617132,817396,139934349440,105298143020
2020,대구,소아청소년과,143630,679876,869206,116829562540,99054339580
2020,대구,안과,160553,449768,466440,74329984210,48575657850
2020,대구,이비인후과,61524,164097,189758,28397910800,18622981220
2020,대구,피부과,39351,126475,127974,10121156480,6215809040
2020,대구,비뇨의학과,59749,235243,286493,51147684870,37767917930
2020,대구,영상의학과,6443,8076,7938,708448810,481314550
2020,대구,방사선종양학과,7638,99036,98994,41669995930,39465139010
2020,대구,병리과,721,1028,1596,87913350,45229990
2020,대구,진단검사의학과,1368,1884,1887,93545600,36243540
2020,대구,결핵과,100,521,12429,1044080280,801039070
2020,대구,재활의학과,33567,228934,929746,144848251910,113003932210
2020,대구,핵의학과,13632,44618,45836,3883239570,2638391060
2020,대구,가정의학과,51972,145939,1085213,94183233190,71760791130
2020,대구,응급의학과,143862,196607,221458,43853856050,27575963560
2020,대구,직업환경의학과,936,2240,25006,1883829970,1416143060
2020,대구,구강악안면외과,35941,70659,70281,3847528490,2377767330
2020,대구,치과보철과,8802,16776,14102,6086408080,4247529530
2020,대구,치과교정과,359,399,399,65854880,40627180
2020,대구,소아치과,8830,21863,21862,1083626430,706527900
2020,대구,치주과,39693,71700,71035,4145281500,2548153880
2020,대구,치과보존과,57163,141349,144229,9884285440,5978682880
2020,대구,구강내과,4515,13025,13024,790631560,478203760
2020,대구,영상치의학과,474,2035,2035,88509210,53607610
2020,대구,예방치과,13062,18197,18123,940422310,567741140
2020,대구,치과,12313,24126,23827,1264006220,795948640
2020,대구,통합치의학과,2,2,2,1251670,868670
2020,대구,한방내과,9097,55317,28485,4772448960,3718001670
2020,대구,한방부인과,504,2034,1787,98286980,72802850
2020,대구,한방소아과,212,1008,1008,32144340,19941640
2020,대구,한방안·이비인후·피부과,616,4848,4987,182524890,112343770
2020,대구,한방신경정신과,165,719,739,62178190,36699310
2020,대구,침구과,6232,32851,35303,2492412830,1785029730
2020,대구,한방재활의학과,4569,25981,40172,3374876920,2252324180
2020,대구,사상체질과,1,3,3,61280,36980
2020,대구,한방응급,68,84,84,2909010,1778110
2020,광주,일반의,146,165,2051,178002660,137792200
2020,광주,내과,490055,2079713,3502069,507185609760,383432908370
2020,광주,신경과,95529,301390,464780,65998433450,44533345840
2020,광주,정신건강의학과,30727,198664,520650,51078047030,38027252070
2020,광주,외과,128971,343059,1187984,159768527670,119130358150
2020,광주,정형외과,326245,1108113,1943666,241207063240,168901034670
2020,광주,신경외과,132207,353940,650323,104651638910,77264763350
2020,광주,흉부외과,13103,32836,103598,27301880040,22283291620
2020,광주,성형외과,4291,13267,26309,6279718510,4247692030
2020,광주,마취통증의학과,21229,53178,158821,12929468340,9261119480
2020,광주,산부인과,159336,523033,748573,99943439000,74663205740
2020,광주,소아청소년과,151169,861182,1050190,76011043560,62470026560
2020,광주,안과,109077,273645,288936,37629332810,25651848460
2020,광주,이비인후과,67096,168397,192014,20295981820,12693746640
2020,광주,피부과,27670,86675,89660,7677655500,4461701060
2020,광주,비뇨의학과,49940,155007,191653,28882664010,19727587920
2020,광주,영상의학과,1661,1818,1521,407573520,317789250
2020,광주,방사선종양학과,314,5086,5078,1534117050,1451338430
2020,광주,병리과,1,1,1,26780,2980
2020,광주,진단검사의학과,110,118,118,2539890,1236090
2020,광주,결핵과,1220,4120,7161,1350782280,1228770870
2020,광주,재활의학과,22498,152861,654898,82510715910,63443751750
2020,광주,핵의학과,1031,2076,2162,415754980,335735540
2020,광주,가정의학과,99282,259375,1196081,100659562000,76622318560
2020,광주,응급의학과,161508,214480,251491,45612389960,29314082840
2020,광주,직업환경의학과,1095,6037,137982,10697008240,8048954410
2020,광주,예방의학과,106,327,7374,604212310,465183080
2020,광주,구강악안면외과,35541,75036,78628,6934147060,4391780850
2020,광주,치과보철과,6790,13664,12459,3720411140,2580154360
2020,광주,치과교정과,1078,1263,1262,85032600,51451380
2020,광주,소아치과,10760,25660,25660,1690674450,1119217440
2020,광주,치주과,42410,86490,86152,4574824320,2771394430
2020,광주,치과보존과,35745,78943,80068,5101379240,3227811070
2020,광주,구강내과,7997,21998,21983,1322401800,814973140
2020,광주,영상치의학과,19,20,20,878500,542300
2020,광주,구강병리과,1,2,2,666370,466470
2020,광주,예방치과,806,1047,1021,216863930,147456430
2020,광주,치과,2047,2557,2534,124440100,76525160
2020,광주,통합치의학과,1,1,1,86930,52230
2020,광주,한방내과,24324,92403,169508,18686147860,13668132570
2020,광주,한방부인과,1954,5851,10798,958306010,676796580
2020,광주,한방소아과,62,92,33,12309990,10003530
2020,광주,한방안·이비인후·피부과,1547,8569,12818,909787870,632381500
2020,광주,한방신경정신과,648,2791,4353,329347100,232585160
2020,광주,침구과,88502,281085,989131,85688747070,61789230290
2020,광주,한방재활의학과,24307,88672,204972,17951070760,12384089390
2020,광주,사상체질과,77,285,1135,92541520,72060330
2020,대전,일반의,201,733,9059,700101630,520307800
2020,대전,내과,322199,1604509,2460708,442281346280,352961547120
2020,대전,신경과,86908,296226,560112,78030795740,55122557500
2020,대전,정신건강의학과,26976,153323,316518,25746331080,18827701970
2020,대전,외과,65265,228251,565878,128999820870,100755759390
2020,대전,정형외과,206729,764782,1294268,201139387730,144284103430
2020,대전,신경외과,75836,233106,484187,87053286300,67911755740
2020,대전,흉부외과,11405,32289,84378,27841091130,23343353520
2020,대전,성형외과,13582,52810,71129,8852406790,5917178310
2020,대전,마취통증의학과,15848,61158,89920,6779451430,4515573180
2020,대전,산부인과,100865,366038,565531,81213294270,60991149810
2020,대전,소아청소년과,112173,689353,799045,71227248070,60595625460
2020,대전,안과,84423,228686,235119,36982946200,24651383280
2020,대전,이비인후과,49071,140971,182917,25759983750,17361611910
2020,대전,피부과,39653,133689,134963,8254506510,4860035170
2020,대전,비뇨의학과,46927,171035,192132,27802651770,19629937630
2020,대전,영상의학과,6332,9407,12544,1061783890,672620780
2020,대전,방사선종양학과,3926,48136,49356,17746399970,16835519720
2020,대전,병리과,2,2,25,1857700,1018430
2020,대전,진단검사의학과,485,885,8993,718394010,530552700
2020,대전,결핵과,3,16,448,37768460,28441450
2020,대전,재활의학과,37284,261396,638791,79253825790,61133342110
2020,대전,핵의학과,844,3521,3609,384825030,336536110
2020,대전,가정의학과,62399,174018,541997,42880208500,31670514860
2020,대전,응급의학과,106607,142253,174683,34605858930,21726635180
2020,대전,직업환경의학과,288,440,640,37683690,23079410
2020,대전,구강악안면외과,17521,35788,35951,2821726240,1763429020
2020,대전,치과보철과,5928,10485,9928,1561221530,1056799440
2020,대전,치과교정과,129,143,143,25575740,15606040
2020,대전,소아치과,5082,9346,9320,523477740,341472710
2020,대전,치주과,19387,30688,30621,1985951660,1178319100
2020,대전,치과보존과,71299,161441,161279,11592428620,7279541770
2020,대전,구강내과,3081,9000,8995,471464820,284484250
2020,대전,영상치의학과,2,2,2,293350,203950
2020,대전,예방치과,7,7,7,624770,489570
2020,대전,치과,223,3418,5908,889413120,777387410
2020,대전,한방내과,8535,55113,41367,5609833630,4332426150
2020,대전,한방부인과,581,2728,3666,209355250,140619390
2020,대전,한방소아과,375,2300,2360,79654090,49957990
2020,대전,한방안·이비인후·피부과,1172,9148,9763,540925320,360089000
2020,대전,한방신경정신과,387,2713,3340,170435110,112802260
2020,대전,침구과,11910,51359,58673,3954884620,2790689400
2020,대전,한방재활의학과,10825,48346,68607,4971698770,3064572650
2020,대전,사상체질과,268,456,610,33778580,22976000
2020,울산,일반의,153,338,87,39398920,31561300
2020,울산,내과,262264,1216818,1983471,302472881130,241796784780
2020,울산,신경과,43161,148026,224169,27242690220,18293100540
2020,울산,정신건강의학과,20915,153758,308223,24965268190,18681419980
2020,울산,외과,81208,240517,567144,94870093700,71429338950
2020,울산,정형외과,149903,669117,978385,118699567560,83012190560
2020,울산,신경외과,64738,217190,417356,64649154670,49287549730
2020,울산,흉부외과,6009,15990,30888,16231238400,13774753950
2020,울산,성형외과,5619,19890,57054,5754713160,4130759910
2020,울산,마취통증의학과,5371,21312,59149,4583554060,3281372350
2020,울산,산부인과,75968,296183,438115,59424261390,45317795530
2020,울산,소아청소년과,82024,396231,474389,33368711510,28357989420
2020,울산,안과,36834,105855,107346,12592074770,8491696030
2020,울산,이비인후과,68904,181968,220647,19781686550,13640275310
2020,울산,피부과,14924,36327,37378,1580370120,989049200
2020,울산,비뇨의학과,25686,82999,122756,16327505540,12080551140
2020,울산,영상의학과,740,850,1926,537257880,408982390
2020,울산,방사선종양학과,1762,23305,23305,9259541610,8791940400
2020,울산,병리과,1584,1937,1937,53069110,27166030
2020,울산,진단검사의학과,65,498,13008,1084022040,817434680
2020,울산,재활의학과,8974,78734,280691,40691883630,31867401410
2020,울산,핵의학과,257,845,845,201056030,189500240
2020,울산,가정의학과,30513,83991,463004,34595956290,25604952000
2020,울산,응급의학과,92087,118875,122207,17334112740,10550352170
2020,울산,직업환경의학과,278,538,537,33508570,16534920
2020,울산,예방의학과,2632,5821,6129,188011280,123050810
2020,울산,구강악안면외과,13782,26555,26421,1365841370,836435380
2020,울산,치과보철과,3207,5104,4687,1209296110,835364950
2020,울산,치과교정과,598,666,666,19554720,11838720
2020,울산,소아치과,1278,1949,1949,105304250,69364250
2020,울산,치주과,11610,18616,18476,1008760490,614188330
2020,울산,치과보존과,23684,61937,63599,4488312500,2868205670
2020,울산,구강내과,638,2747,2747,110733310,66616910
2020,울산,구강병리과,1,1,1,32840,26340
2020,울산,예방치과,125,138,138,2844680,1712180
2020,울산,치과,12524,27727,28433,1615564170,988171720
2020,울산,통합치의학과,2,2,2,60220,39320
2020,울산,한방내과,7756,48198,20438,4559646630,3606310240
2020,울산,침구과,546,3539,439,302059640,243408890
2020,울산,한방재활의학과,5418,23741,37102,2707848150,1789691840
2020,울산,한방,111,724,19801,1364516250,1003166490
2020,경기,일반의,1909,3035,17269,1692192730,1375010730
2020,경기,내과,2312161,10558691,15776551,2592828650260,2048940654940
2020,경기,신경과,463488,1503155,2793656,378883978230,265872930480
2020,경기,정신건강의학과,186143,1054187,3007922,277695081570,207331276980
2020,경기,외과,553350,1753956,4017960,841973949850,660911293620
2020,경기,정형외과,1543132,5850358,8137304,994548757310,704460619900
2020,경기,신경외과,645863,2018305,3336892,575827483470,441619736910
2020,경기,흉부외과,78003,230766,488061,180543127300,150513268670
2020,경기,성형외과,72151,231011,315055,54300799400,35130690870
2020,경기,마취통증의학과,76948,222349,317852,25544813440,16456305570
2020,경기,산부인과,625959,2430006,3138797,507643620170,385307472180
2020,경기,소아청소년과,481772,2049887,2577953,271908510410,224237312110
2020,경기,안과,332091,907832,923841,134313727790,86235402720
2020,경기,이비인후과,296070,775638,899105,130816274170,87581845840
2020,경기,피부과,189653,578274,583305,43483224620,27082430990
2020,경기,비뇨의학과,279288,918020,1101363,171407986980,123649461340
2020,경기,영상의학과,34987,55051,55002,7238988550,5050107380
2020,경기,방사선종양학과,26754,285907,286104,119727638780,113372348250
2020,경기,병리과,1067,2148,13098,1048359420,769138140
2020,경기,진단검사의학과,5678,12931,14478,1941974330,1375110720
2020,경기,결핵과,44,119,105,5171970,2469030
2020,경기,재활의학과,146214,962730,4040527,523534198830,407077097660
2020,경기,핵의학과,2965,10019,24514,5073146650,4240407120
2020,경기,가정의학과,337814,976412,3429493,291585939170,220987604870
2020,경기,응급의학과,936498,1259640,1374086,234039865840,148254357020
2020,경기,직업환경의학과,2246,4143,4145,251336490,132309390
2020,경기,예방의학과,265,528,7933,626566990,461900760
2020,경기,구강악안면외과,114181,268365,271773,20644692290,12153439480
2020,경기,치과보철과,28809,58030,55126,8251707460,5558613010
2020,경기,치과교정과,2492,5098,5098,314919580,118506090
2020,경기,소아치과,16048,33990,34080,2177458190,1345713500
2020,경기,치주과,78846,136428,135793,7442265200,4331417560
2020,경기,치과보존과,144771,334346,335080,20170902050,11916329260
2020,경기,구강내과,5121,10834,10796,490063770,297254460
2020,경기,영상치의학과,1125,2698,2690,90335340,54541880
2020,경기,구강병리과,2,2,2,83860,50460
2020,경기,예방치과,959,983,979,60159770,38570270
2020,경기,치과,7572,9370,9052,546017250,335923370
2020,경기,통합치의학과,5098,11854,11766,728033160,411107360
2020,경기,한방내과,57400,257970,213137,27665699020,20951981350
2020,경기,한방부인과,2610,10405,12462,677056020,433974670
2020,경기,한방소아과,1295,3293,3569,114997790,74773810
2020,경기,한방안·이비인후·피부과,519,1786,1615,102918580,74204860
2020,경기,한방신경정신과,3393,14402,18141,1054995290,684034820
2020,경기,침구과,66288,249441,383202,32117725890,23093137950
2020,경기,한방재활의학과,43745,212307,271691,19614018170,12681829290
2020,경기,사상체질과,1463,6880,9420,511996430,356942150
2020,경기,한방응급,117,135,135,5030610,3034810
2020,강원,일반의,1945,2727,2786,103450140,66916620
2020,강원,내과,368277,1712776,2432690,404165042080,320091899510
2020,강원,신경과,56789,192613,267000,38986562170,28177062600
2020,강원,정신건강의학과,35937,195395,355627,31065541120,22854215780
2020,강원,외과,73946,192497,370683,83036935610,65370174270
2020,강원,정형외과,196220,673240,1021682,123474950600,88031392520
2020,강원,신경외과,74141,221813,464916,75726644210,58888226330
2020,강원,흉부외과,9824,26035,44934,18274847480,14758466620
2020,강원,성형외과,9801,29022,37959,5433533210,3819065250
2020,강원,마취통증의학과,14552,44983,54318,3972607720,2556415350
2020,강원,산부인과,39178,117482,165557,27363235860,20242972380
2020,강원,소아청소년과,33589,102945,137054,21563551930,18342641380
2020,강원,안과,34666,90704,93122,15848107080,10432329400
2020,강원,이비인후과,40460,102438,117988,16455222600,10985851840
2020,강원,피부과,23524,70034,70868,3827568810,2146250160
2020,강원,비뇨의학과,31832,110439,138913,20978912930,15400051260
2020,강원,영상의학과,648,1101,2073,333852320,254420140
2020,강원,방사선종양학과,3350,39829,39810,14330630470,13594092030
2020,강원,병리과,8,13,13,1107720,563660
2020,강원,진단검사의학과,15,27,27,2259410,1296010
2020,강원,재활의학과,14086,97186,274240,36004371680,27460896360
2020,강원,핵의학과,79,192,192,44403960,40758900
2020,강원,가정의학과,35793,106312,305557,23561084530,17130699090
2020,강원,응급의학과,162570,220615,233619,42349655530,27161941030
2020,강원,직업환경의학과,421,2714,5554,271744890,213544050
2020,강원,예방의학과,273,1108,13800,1092966810,812563400
2020,강원,구강악안면외과,19301,43200,44554,3846991320,2440501370
2020,강원,치과보철과,4235,8217,8261,1527519250,1028271410
2020,강원,치과교정과,388,491,491,40774760,17292460
2020,강원,소아치과,5150,11555,11583,689736470,452745880
2020,강원,치주과,7155,13439,13425,823896840,487744560
2020,강원,치과보존과,12931,27971,29645,1453810980,850894570
2020,강원,구강내과,5706,8281,8281,487223810,297414140
2020,강원,예방치과,2433,2599,2599,174610700,108184880
2020,강원,치과,15,18,2,8966230,6287350
2020,강원,한방내과,1832,8932,7034,852816300,655684390
2020,강원,한방부인과,63,157,228,10151250,6868260
2020,강원,한방소아과,176,701,704,26792090,16233740
2020,강원,한방안·이비인후·피부과,532,3374,4087,162527150,105432850
2020,강원,한방신경정신과,200,523,624,29814240,19105740
2020,강원,침구과,3061,12884,10966,927292610,669018720
2020,강원,한방재활의학과,1263,4549,4924,298590610,201262140
2020,강원,사상체질과,234,1160,1638,76800460,54573460
2020,충북,일반의,2762,17022,17040,971389960,795644180
2020,충북,내과,274230,1254579,1897350,278720199650,217744290570
2020,충북,신경과,55122,168948,275093,38809682150,26952666350
2020,충북,정신건강의학과,26259,153743,486388,43186291680,32333398040
2020,충북,외과,78305,215425,502928,84406859920,64766029050
2020,충북,정형외과,154830,568759,961069,118435655010,85173117910
2020,충북,신경외과,77513,247102,454221,74115240090,55953626590
2020,충북,흉부외과,11671,32590,60142,11443290620,8896628660
2020,충북,성형외과,8550,33007,47285,4371933470,2968855530
2020,충북,마취통증의학과,10369,24712,47766,3437272730,2410821620
2020,충북,산부인과,60910,207661,315934,38805570720,28263217020
2020,충북,소아청소년과,58327,281492,336443,31649366980,26258817780
2020,충북,안과,19681,49835,50847,7442934720,4828476040
2020,충북,이비인후과,30483,73483,94997,9328377590,6029276660
2020,충북,피부과,10405,31894,32225,2276279530,1421072590
2020,충북,비뇨의학과,33793,113090,138750,20847518050,14819567930
2020,충북,영상의학과,1483,1635,1990,441977280,351653840
2020,충북,방사선종양학과,1096,20936,21432,10728948650,10186077200
2020,충북,병리과,3,3,3,51920,33820
2020,충북,진단검사의학과,344,683,682,51932780,31295680
2020,충북,결핵과,2,22,605,53448140,44532850
2020,충북,재활의학과,21480,105852,384002,52317002740,40279386720
2020,충북,핵의학과,13,107,2927,248445170,194208070
2020,충북,가정의학과,48172,112047,500702,40531489910,30003300010
2020,충북,응급의학과,128677,169812,180774,29797444320,18389671000
2020,충북,직업환경의학과,444,1073,13416,1117087230,835556280
2020,충북,예방의학과,117,392,7716,657559220,507425570
2020,충북,약국,42,330,8749,749408490,591478140
2020,충북,보건기관의과,38,170,3453,308928950,244676530
2020,충북,구강악안면외과,19421,48757,50902,4256037870,2496987930
2020,충북,치과보철과,9002,18719,18460,1500782820,990863570
2020,충북,치과교정과,119,149,149,5501030,3319830
2020,충북,소아치과,3085,6789,6786,431228280,289692880
2020,충북,치주과,4081,5651,5565,282943030,170515480
2020,충북,치과보존과,10039,23299,23351,1399375260,853606940
2020,충북,구강내과,164,252,244,11126250,6757710
2020,충북,영상치의학과,35,35,35,1345760,808860
2020,충북,치과,8051,10639,10581,455284110,277297340
2020,충북,한방내과,7127,33252,31315,2811680020,2052837830
2020,충북,한방부인과,727,1968,2263,85921340,56260070
2020,충북,한방소아과,266,1046,1046,24721210,15163510
2020,충북,한방안·이비인후·피부과,603,3097,3367,107307240,69302740
2020,충북,한방신경정신과,326,1406,1982,120110180,81197580
2020,충북,침구과,11273,50665,52493,2901439990,2023720590
2020,충북,한방재활의학과,7818,33025,39927,2576016400,1612412330
2020,충북,사상체질과,1184,3380,4710,236751110,164457890
2020,충북,한방응급,109,235,235,4950300,3043600
2020,충남,일반의,94,418,7589,693838250,534416680
2020,충남,내과,388550,1601817,2488614,370132508150,288509750540
2020,충남,신경과,57963,190187,431194,49060638970,34574019130
2020,충남,정신건강의학과,30913,202048,560254,48485574950,36399486490
2020,충남,외과,93363,285852,860155,126669262470,98185093930
2020,충남,정형외과,261048,887908,1342750,141645961880,99442321620
2020,충남,신경외과,89116,254256,465936,76414263040,58452330850
2020,충남,흉부외과,11288,21421,48997,13972063670,11138012920
2020,충남,성형외과,8359,26038,50894,8073296940,5510620600
2020,충남,마취통증의학과,15683,37097,58200,4281480290,2808902170
2020,충남,산부인과,80316,252073,426183,55360344480,40570620450
2020,충남,소아청소년과,80097,389111,494693,46130846370,39156266070
2020,충남,안과,29923,74613,77088,13028715360,8056889690
2020,충남,이비인후과,38936,99130,117271,17060098500,10877198510
2020,충남,피부과,21193,67162,73567,5688384420,3214248820
2020,충남,비뇨의학과,47494,156070,233330,26110613180,18272178130
2020,충남,영상의학과,3292,5382,32509,3356792340,2597302720
2020,충남,방사선종양학과,2090,26351,26425,11154296500,10576506110
2020,충남,병리과,172,690,12065,978778980,727405720
2020,충남,진단검사의학과,249,899,16163,1347194980,1010933500
2020,충남,결핵과,1,1,1,128360,121950
2020,충남,재활의학과,18465,117095,439348,49037120500,37235948200
2020,충남,핵의학과,202,657,847,271016070,251231950
2020,충남,가정의학과,51617,155047,857813,71500030220,54158450160
2020,충남,응급의학과,185340,246839,256609,42243243730,25934435940
2020,충남,직업환경의학과,3731,13889,19911,1087727560,720469390
2020,충남,예방의학과,137,342,4975,403911860,303619250
2020,충남,구강악안면외과,26275,57101,60157,5118438320,3327824100
2020,충남,치과보철과,23983,46300,44941,4983478680,3339207260
2020,충남,치과교정과,1845,2366,2365,102111660,61339640
2020,충남,소아치과,22284,50534,50531,2848245810,1861574710
2020,충남,치주과,25584,44485,44173,2674356620,1632810200
2020,충남,치과보존과,35262,79430,78944,4592995500,2762401400
2020,충남,구강내과,4370,12893,12886,667293360,402172540
2020,충남,영상치의학과,641,721,713,39187870,23952970
2020,충남,구강병리과,2,2,2,93410,57110
2020,충남,예방치과,3871,4343,4330,277483560,171923140
2020,충남,치과,472,511,462,42605150,27367320
2020,충남,통합치의학과,6652,9821,9783,1009872050,593247800
2020,충남,한방내과,13046,67535,36554,6350935280,4945601230
2020,충남,한방부인과,242,1159,1476,92159460,63627040
2020,충남,한방소아과,315,1406,1514,56653360,37917540
2020,충남,한방안·이비인후·피부과,434,2675,3185,171052230,112808260
2020,충남,한방신경정신과,280,1467,1207,133835910,96760260
2020,충남,침구과,19096,75916,80137,5096933290,3449342850
2020,충남,한방재활의학과,4987,27708,32222,2142371710,1370844420
2020,충남,사상체질과,300,1658,2154,125177520,88188580
2020,전북,일반의,823,918,2693,1234964640,934490540
2020,전북,내과,385727,1854101,3044778,452498562400,351391906710
2020,전북,신경과,74480,271681,462049,58557200410,40106018260
2020,전북,정신건강의학과,27054,167034,453064,42975705270,32446597980
2020,전북,외과,113440,388539,1142863,168722945960,129836948600
2020,전북,정형외과,262645,999557,1754992,197152023560,140977962540
2020,전북,신경외과,116887,407187,775374,103126951840,78578137620
2020,전북,흉부외과,7356,18973,95582,22755471350,18291043520
2020,전북,성형외과,7286,24778,66397,11088259690,7942781300
2020,전북,마취통증의학과,25543,78994,138842,9738681970,6777104930
2020,전북,산부인과,50061,160103,412608,53306355720,39628135920
2020,전북,소아청소년과,57925,254126,382048,41772112620,33888438510
2020,전북,안과,51891,137283,148263,18366278770,12202251930
2020,전북,이비인후과,40703,121702,144923,14912456050,9977859850
2020,전북,피부과,31261,85256,109086,7493943960,4853035430
2020,전북,비뇨의학과,56645,181135,231106,32163019890,22773889820
2020,전북,영상의학과,1272,5864,20565,1231190210,1011185040
2020,전북,방사선종양학과,1827,34987,34963,15298271550,14531206510
2020,전북,병리과,651,715,1771,165088960,113027660
2020,전북,진단검사의학과,60,81,164,11957070,8251650
2020,전북,결핵과,2,13,366,25712500,19028460
2020,전북,재활의학과,31971,204654,691447,85985296510,66280428010
2020,전북,핵의학과,328,1072,3985,454770560,376318250
2020,전북,가정의학과,75784,261631,1972409,167809374070,128222621130
2020,전북,응급의학과,154879,209712,221363,42618156920,26731233850
2020,전북,직업환경의학과,295,592,11671,913208370,676365290
2020,전북,예방의학과,99,99,98,4929140,2275140
2020,전북,구강악안면외과,9244,25016,29170,3724840570,2451230190
2020,전북,치과보철과,1775,3907,3749,969445440,674049310
2020,전북,치과교정과,385,448,448,56969900,35432780
2020,전북,소아치과,5369,15147,15139,1046465400,697616690
2020,전북,치주과,8822,21158,21075,1483076620,906439570
2020,전북,치과보존과,10435,28385,27996,1802087410,1107934330
2020,전북,구강내과,3923,12470,12462,699131570,425372960
2020,전북,영상치의학과,2,2,2,242100,145400
2020,전북,치과,1932,5156,4986,358521000,216354420
2020,전북,한방내과,12796,58236,67145,8200265410,6170738650
2020,전북,한방부인과,793,5476,7633,447951320,308425560
2020,전북,한방소아과,588,1939,2105,61658350,40547160
2020,전북,한방안·이비인후·피부과,371,2560,3223,156529050,102553740
2020,전북,한방신경정신과,1389,5415,15341,1290380660,911043280
2020,전북,침구과,39000,138584,313134,28654647710,20461657510
2020,전북,한방재활의학과,8415,30381,54928,5820061280,4155670180
2020,전북,사상체질과,2724,9738,22169,2163173240,1532010360
2020,전북,한방응급,213,302,316,13294800,8114080
2020,전남,일반의,62,5052,5060,922412290,832829280
2020,전남,내과,488434,2257504,3881432,525672890230,421394891630
2020,전남,신경과,70615,219947,447364,54777053580,39681395230
2020,전남,정신건강의학과,36184,195772,587522,49188371210,37461154900
2020,전남,외과,150602,431013,1297688,175418081960,133855351070
2020,전남,정형외과,343102,1165969,2109173,225700675330,161238034670
2020,전남,신경외과,141772,446773,761214,93468337120,68734768050
2020,전남,흉부외과,21006,75567,181521,25130866800,19372836030
2020,전남,성형외과,7086,17794,40053,3076796720,2212576040
2020,전남,마취통증의학과,33727,77950,151168,10660162920,7612987700
2020,전남,산부인과,106955,337514,634971,71181189820,53592979470
2020,전남,소아청소년과,129219,658798,881385,53687508130,44066713470
2020,전남,안과,12292,25570,26091,1881055490,1222464400
2020,전남,이비인후과,81698,232339,341387,25150966110,17894210660
2020,전남,피부과,35681,61095,62032,2098842330,1493451870
2020,전남,비뇨의학과,41346,136031,180086,26106767370,19612012390
2020,전남,영상의학과,2566,3968,20547,1749069410,1293852500
2020,전남,방사선종양학과,3726,63080,62943,27271056970,25887959560
2020,전남,병리과,69,69,622,49452220,37641470
2020,전남,진단검사의학과,369,517,464,26622020,14089680
2020,전남,재활의학과,14678,95135,332165,33514359530,25418809040
2020,전남,핵의학과,885,3561,19741,1907968000,1656866580
2020,전남,가정의학과,69320,229820,1489496,115991420960,88136230120
2020,전남,응급의학과,193807,275382,288735,38333639770,25185474920
2020,전남,직업환경의학과,775,1206,11101,745006320,558839280
2020,전남,예방의학과,288,453,453,22814500,11738700
2020,전남,구강악안면외과,27575,51414,50930,2735362410,1744599370
2020,전남,치과보철과,12043,24182,23669,3549775910,2385722710
2020,전남,치과교정과,1716,2178,2178,95171240,57570840
2020,전남,소아치과,9684,23397,23395,1617710050,1050718050
2020,전남,치주과,16534,23330,23271,1169650710,723961330
2020,전남,치과보존과,35015,69178,69014,3625731770,2251347050
2020,전남,구강내과,1996,4654,4520,194137780,120050910
2020,전남,영상치의학과,2,2,2,190530,114430
2020,전남,예방치과,868,1539,1488,116698710,82410870
2020,전남,치과,729,1266,1101,101001050,68898890
2020,전남,한방내과,18876,89114,94859,12547851220,9407419600
2020,전남,한방부인과,2793,8236,20552,2169451960,1499652910
2020,전남,한방소아과,539,2136,1432,150649580,113275170
2020,전남,한방안·이비인후·피부과,2021,8205,17160,1386475760,937198340
2020,전남,침구과,30427,98839,224737,19692720470,14593624640
2020,전남,한방재활의학과,7223,24366,45061,3688084610,2531652240
2020,전남,사상체질과,1613,4302,7215,471248020,327177170
2020,경북,일반의,138,590,6887,584719750,441648270
2020,경북,내과,435719,2003514,3357687,421479545800,326112194810
2020,경북,신경과,110609,373184,618278,65252112670,44522302670
2020,경북,정신건강의학과,45607,281023,896848,69831252090,52800790090
2020,경북,외과,100663,293470,1175463,132636638530,98622768150
2020,경북,정형외과,293153,1114896,1776114,190913722270,135092753930
2020,경북,신경외과,129256,425844,886239,138724914730,104194537620
2020,경북,흉부외과,16106,36418,157598,20202135170,15339725270
2020,경북,성형외과,19391,51868,71914,9200361690,6390210890
2020,경북,마취통증의학과,15810,37882,100740,7342922160,5263824400
2020,경북,산부인과,104020,319828,620629,66613143650,48713051630
2020,경북,소아청소년과,91218,377086,516135,32144212170,25343918820
2020,경북,안과,43524,107755,128825,13740255710,9181505690
2020,경북,이비인후과,67280,154348,243577,19226939370,12869405720
2020,경북,피부과,21949,51048,53472,3373368840,2407085640
2020,경북,비뇨의학과,64463,211297,269124,27317655420,18748165770
2020,경북,영상의학과,5000,8332,8367,1057393590,738820610
2020,경북,방사선종양학과,984,17214,21650,7384752700,6984127070
2020,경북,병리과,106,957,5736,483341090,391110050
2020,경북,진단검사의학과,693,794,1265,104338860,63251420
2020,경북,재활의학과,21321,108038,599183,73935943560,57232682270
2020,경북,핵의학과,10,86,2597,145652850,83876560
2020,경북,가정의학과,78962,244536,1427349,112683611960,84817574300
2020,경북,응급의학과,205998,265446,274905,45437272920,28663416900
2020,경북,직업환경의학과,2600,8129,9317,514308640,376801710
2020,경북,예방의학과,3145,10256,29833,2880431360,2069008360
2020,경북,구강악안면외과,27889,47294,46917,2180915040,1334324470
2020,경북,치과보철과,5645,12112,11138,3628941650,2524276700
2020,경북,치과교정과,523,637,637,19958260,12432860
2020,경북,소아치과,8515,13566,13566,1172395620,793051420
2020,경북,치주과,35112,54141,53843,2942270010,1787459910
2020,경북,치과보존과,53597,122417,121380,7316235810,4530553050
2020,경북,구강내과,1013,1180,1180,101173960,60876260
2020,경북,영상치의학과,691,705,705,33935390,20478790
2020,경북,구강병리과,2,2,2,1141790,685190
2020,경북,예방치과,241,342,342,26185550,21571350
2020,경북,치과,4494,5226,5175,252803190,155665130
2020,경북,통합치의학과,8,8,8,288370,173570
2020,경북,한방내과,14883,82604,27674,6963270730,5502462780
2020,경북,한방부인과,459,1585,1403,99379580,69870050
2020,경북,한방소아과,786,2370,3844,175000790,119749680
2020,경북,한방안·이비인후·피부과,71,216,219,8799060,5381740
2020,경북,한방신경정신과,611,2966,2765,198526330,139792360
2020,경북,침구과,9275,39828,29125,2991394410,2234431110
2020,경북,한방재활의학과,391,644,658,19321850,12061950
2020,경북,사상체질과,1470,5502,6496,266899090,175881310
2020,경북,한방응급,54,55,55,2200090,1322390
2020,경남,일반의,550,2908,2800,270549770,221479590
2020,경남,내과,894021,4064676,6575436,880007908860,687295498820
2020,경남,신경과,165056,585790,1284274,144181270590,102012971940
2020,경남,정신건강의학과,42206,251689,1072256,93429560570,71073166330
2020,경남,외과,180153,526918,1380644,231974939380,176471792110
2020,경남,정형외과,541842,2250994,3460414,354194510340,248879417240
2020,경남,신경외과,245378,851748,1523360,183499983710,135076318270
2020,경남,흉부외과,16741,49465,205490,57501400240,47370257740
2020,경남,성형외과,13859,35102,46734,6246289410,3866573840
2020,경남,마취통증의학과,23797,50755,166052,13310549020,9373210280
2020,경남,산부인과,144621,461881,761549,96283011510,69987584680
2020,경남,소아청소년과,242726,1261919,1599852,140420857160,117098909030
2020,경남,안과,53496,160714,168937,26530094070,16498055090
2020,경남,이비인후과,90303,214966,284309,30439921180,20543663200
2020,경남,피부과,42376,107905,110974,6675429340,4004574500
2020,경남,비뇨의학과,74213,230523,312627,50316768830,36134299210
2020,경남,영상의학과,4978,7999,9064,3298452290,2837792850
2020,경남,방사선종양학과,3842,58900,70168,22305419340,21056772560
2020,경남,병리과,66,88,93,3557030,2013500
2020,경남,진단검사의학과,5044,9375,9554,535944940,319642380
2020,경남,결핵과,713,2124,13942,2849112590,2619434300
2020,경남,재활의학과,58962,370145,1375329,158073033550,121529884550
2020,경남,핵의학과,7644,10925,10951,477108500,348279330
2020,경남,가정의학과,71392,217517,1751447,139037249320,104482165100
2020,경남,응급의학과,308781,420761,455260,66683614760,42045008750
2020,경남,직업환경의학과,4978,11616,11807,820412330,613218140
2020,경남,예방의학과,1,1,1,7960,4860
2020,경남,구강악안면외과,53652,110196,116110,9616188440,6257935030
2020,경남,치과보철과,5378,11946,11288,4590003900,3210516780
2020,경남,치과교정과,253,388,388,102855610,67208090
2020,경남,소아치과,7967,16545,16766,1037477020,731861260
2020,경남,치주과,47349,80198,80023,4415073270,2697066380
2020,경남,치과보존과,82868,193396,194014,10948933050,6629896450
2020,경남,구강내과,4580,11790,11785,619676640,401509640
2020,경남,영상치의학과,52,55,43,1782720,1120060
2020,경남,구강병리과,3,3,3,73600,44300
2020,경남,예방치과,1182,2112,2001,226016400,154177500
2020,경남,치과,42717,93673,104538,6297929980,4086535720
2020,경남,통합치의학과,1,1,1,15660,9460
2020,경남,한방내과,20221,107154,42085,11993283480,9478685040
2020,경남,한방부인과,1153,4195,5908,390268120,277668410
2020,경남,한방소아과,1318,5128,4503,285015890,215761770
2020,경남,한방안·이비인후·피부과,655,2797,3185,118840900,82669580
2020,경남,한방신경정신과,220,1666,1972,111554770,77121100
2020,경남,침구과,10443,52561,54958,4623757090,3402772530
2020,경남,한방재활의학과,17304,74042,115324,7758302590,5329710890
2020,경남,사상체질과,735,2630,3208,202868230,143590330
2020,제주,내과,128125,686115,888076,135799331060,107933741250
2020,제주,신경과,30116,107538,157946,17024543420,11820403290
2020,제주,정신건강의학과,11563,63384,112575,8799118980,6493663150
2020,제주,외과,29818,82856,142411,27124503120,20783863070
2020,제주,정형외과,54653,217053,328497,40768053060,29282092180
2020,제주,신경외과,26122,84003,157471,31110934260,24818855290
2020,제주,흉부외과,3121,8173,13523,5330145730,4387205630
2020,제주,성형외과,2594,6938,10031,1291201780,926387830
2020,제주,마취통증의학과,6323,15177,22848,1834606480,1131039010
2020,제주,산부인과,16953,55458,77812,12604288950,9110083850
2020,제주,소아청소년과,18702,69844,90702,12403036770,10769888730
2020,제주,안과,17004,49472,50474,6698539090,4255675330
2020,제주,이비인후과,11180,29297,35879,3934807400,2637170980
2020,제주,피부과,3895,9918,9943,1035936440,798718190
2020,제주,비뇨의학과,17161,67001,79811,11176129200,8184131690
2020,제주,영상의학과,1862,2431,2430,511664950,403161560
2020,제주,방사선종양학과,838,14803,14803,6379828220,6055755740
2020,제주,병리과,1,1,1,49920,25020
2020,제주,진단검사의학과,40,61,61,1734160,876060
2020,제주,재활의학과,10456,99804,243163,25252029690,19292036860
2020,제주,핵의학과,277,967,1049,464791420,423384430
2020,제주,가정의학과,9554,29526,114701,9611007370,7270299070
2020,제주,응급의학과,81680,105154,110155,21432493360,14208839770
2020,제주,구강악안면외과,5977,15586,15656,1252627250,798324970
2020,제주,치과보철과,142,417,343,207779010,145196730
2020,제주,소아치과,180,299,299,8821050,5444650
2020,제주,치주과,1344,1734,1734,94579020,56912820
2020,제주,치과보존과,5720,14381,14360,812215760,487445690
2020,제주,치과,4,9,0,1500420,1074380
2020,제주,한방내과,206,1222,218,224590600,185912610
2020,제주,침구과,589,2091,1246,136286210,101975450
2020,세종,일반의,1,1,1,25820,12920
2020,세종,내과,16629,44339,73785,10928976990,8311242160
2020,세종,신경과,2640,6340,7705,1576875510,1072754270
2020,세종,정신건강의학과,1043,3983,12925,876560570,671113260
2020,세종,외과,4806,11089,37265,6122632670,4612058600
2020,세종,정형외과,7979,24684,39737,4233386960,2922394470
2020,세종,신경외과,4137,9829,54691,5933383670,4581926740
2020,세종,흉부외과,473,1314,13422,1780800220,1388874180
2020,세종,성형외과,917,2312,2437,184008270,103865620
2020,세종,마취통증의학과,894,1340,1341,66440510,36065780
2020,세종,산부인과,7222,36364,59068,7576239600,5302430490
2020,세종,소아청소년과,6893,17751,23459,3004983810,2516132100
2020,세종,안과,1965,3986,4132,664210800,423237960
2020,세종,이비인후과,1736,4334,4613,528967450,332310650
2020,세종,피부과,1582,4835,4779,181405310,93198060
2020,세종,비뇨의학과,1317,4282,5165,1007350270,655968300
2020,세종,방사선종양학과,143,2183,2180,1042269300,989626450
2020,세종,진단검사의학과,44,61,61,2721680,1363980
2020,세종,재활의학과,1479,8284,8287,370093520,275994130
2020,세종,핵의학과,17,39,38,2501130,1726730
2020,세종,가정의학과,5115,11488,20889,1422602220,984255750
2020,세종,응급의학과,13796,16017,16887,2839633850,1712565920
2020,세종,예방의학과,5,36,931,70900600,53758870
2020,세종,구강악안면외과,1682,3699,3638,244440220,139814270
2020,세종,치과보철과,1101,1770,1737,163213930,110542470
2020,세종,치과교정과,58,72,72,2184610,1313810
2020,세종,소아치과,2539,4393,4390,189280040,120452240
2020,세종,치주과,1309,2740,2686,177621150,105162330
2020,세종,치과보존과,1497,3099,3089,157798160,86251840
2020,세종,구강내과,34,65,60,3793020,2026910
2020,세종,구강병리과,1,1,1,67490,33790
2020,세종,예방치과,1,1,1,33490,20190
2020,세종,한방내과,1815,5803,5584,503478450,362028300
2020,세종,한방부인과,83,120,152,9689990,6348920
2020,세종,침구과,1273,3165,3788,288457570,206531400
2020,세종,한방재활의학과,3,4,4,150160,90260
